filename	AVP
SIM1	iHGT
SIM2	NoHGT
SIM3	NoHGT
SIM4	iHGT
SIM5	iHGT
SIM6	iHGT
SIM7	iHGT
SIM8	iHGT
SIM9	NoHGT
SIM10	iHGT
SIM11	NoHGT
SIM12	NoHGT
SIM13	iHGT
SIM14	NoHGT
SIM15	NoHGT
SIM16	iHGT
SIM17	iHGT
SIM18	NoHGT
SIM19	iHGT
SIM20	iHGT
SIM21	NoHGT
SIM22	iHGT
SIM23	iHGT
SIM24	NoHGT
SIM25	Inconclusive
SIM26	Inconclusive
SIM27	Inconclusive
SIM28	iHGT
SIM29	iHGT
SIM30	NoHGT
SIM31	iHGT
SIM32	NoHGT
SIM33	NoHGT
SIM34	iHGT
SIM35	iHGT
SIM36	iHGT
SIM37	iHGT
SIM38	Inconclusive
SIM39	NoHGT
SIM40	iHGT
SIM41	NoHGT
SIM42	NoHGT
SIM43	iHGT
SIM44	iHGT
SIM45	NoHGT
SIM46	iHGT
SIM47	iHGT
SIM48	NoHGT
SIM49	iHGT
SIM50	iHGT
SIM51	NoHGT
SIM52	iHGT
SIM53	iHGT
SIM54	NoHGT
SIM55	Inconclusive
SIM56	Inconclusive
SIM57	Inconclusive
SIM58	iHGT
SIM59	iHGT
SIM60	NoHGT
SIM61	iHGT
SIM62	NoHGT
SIM63	NoHGT
SIM64	iHGT
SIM65	iHGT
SIM66	iHGT
SIM67	iHGT
SIM68	iHGT
SIM69	NoHGT
SIM70	iHGT
SIM71	NoHGT
SIM72	NoHGT
SIM73	iHGT
SIM74	iHGT
SIM75	NoHGT
SIM76	iHGT
SIM77	iHGT
SIM78	NoHGT
SIM79	iHGT
SIM80	iHGT
SIM81	NoHGT
SIM82	iHGT
SIM83	iHGT
SIM84	NoHGT
SIM85	Inconclusive
SIM86	Inconclusive
SIM87	Inconclusive
SIM88	iHGT
SIM89	iHGT
SIM90	NoHGT
SIM91	iHGT
SIM92	NoHGT
SIM93	NoHGT
SIM94	iHGT
SIM95	iHGT
SIM96	iHGT
SIM97	iHGT
SIM98	iHGT
SIM99	NoHGT
SIM100	iHGT
SIM101	NoHGT
SIM102	NoHGT
SIM103	iHGT
SIM104	iHGT
SIM105	NoHGT
SIM106	iHGT
SIM107	iHGT
SIM108	NoHGT
SIM109	iHGT
SIM110	iHGT
SIM111	NoHGT
SIM112	iHGT
SIM113	iHGT
SIM114	NoHGT
SIM115	Inconclusive
SIM116	Inconclusive
SIM117	Inconclusive
SIM118	iHGT
SIM119	iHGT
SIM120	NoHGT
SIM121	iHGT
SIM122	NoHGT
SIM123	NoHGT
SIM124	iHGT
SIM125	iHGT
SIM126	iHGT
SIM127	iHGT
SIM128	iHGT
SIM129	NoHGT
SIM130	iHGT
SIM131	NoHGT
SIM132	NoHGT
SIM133	iHGT
SIM134	iHGT
SIM135	NoHGT
SIM136	iHGT
SIM137	iHGT
SIM138	NoHGT
SIM139	iHGT
SIM140	iHGT
SIM141	NoHGT
SIM142	iHGT
SIM143	iHGT
SIM144	NoHGT
SIM145	Inconclusive
SIM146	Inconclusive
SIM147	Inconclusive
SIM148	iHGT
SIM149	iHGT
SIM150	NoHGT
SIM151	iHGT
SIM152	NoHGT
SIM153	NoHGT
SIM154	iHGT
SIM155	iHGT
SIM156	iHGT
SIM157	iHGT
SIM158	iHGT
SIM159	NoHGT
SIM160	iHGT
SIM161	NoHGT
SIM162	NoHGT
SIM163	iHGT
SIM164	iHGT
SIM165	NoHGT
SIM166	iHGT
SIM167	iHGT
SIM168	NoHGT
SIM169	iHGT
SIM170	iHGT
SIM171	NoHGT
SIM172	iHGT
SIM173	iHGT
SIM174	NoHGT
SIM175	Inconclusive
SIM176	Inconclusive
SIM177	Inconclusive
SIM178	iHGT
SIM179	iHGT
SIM180	NoHGT
SIM181	iHGT
SIM182	NoHGT
SIM183	NoHGT
SIM184	iHGT
SIM185	iHGT
SIM186	iHGT
SIM187	iHGT
SIM188	iHGT
SIM189	NoHGT
SIM190	iHGT
SIM191	NoHGT
SIM192	NoHGT
SIM193	iHGT
SIM194	iHGT
SIM195	NoHGT
SIM196	iHGT
SIM197	iHGT
SIM198	NoHGT
SIM199	iHGT
SIM200	iHGT
SIM201	NoHGT
SIM202	iHGT
SIM203	iHGT
SIM204	NoHGT
SIM205	Inconclusive
SIM206	Inconclusive
SIM207	Inconclusive
SIM208	iHGT
SIM209	iHGT
SIM210	NoHGT
SIM211	iHGT
SIM212	NoHGT
SIM213	NoHGT
SIM214	iHGT
SIM215	iHGT
SIM216	iHGT
SIM217	iHGT
SIM218	iHGT
SIM219	NoHGT
SIM220	iHGT
SIM221	NoHGT
SIM222	NoHGT
SIM223	iHGT
SIM224	iHGT
SIM225	NoHGT
SIM226	iHGT
SIM227	iHGT
SIM228	NoHGT
SIM229	iHGT
SIM230	iHGT
SIM231	NoHGT
SIM232	iHGT
SIM233	iHGT
SIM234	NoHGT
SIM235	Inconclusive
SIM236	Inconclusive
SIM237	Inconclusive
SIM238	iHGT
SIM239	iHGT
SIM240	NoHGT
SIM241	iHGT
SIM242	NoHGT
SIM243	NoHGT
SIM244	iHGT
SIM245	iHGT
SIM246	iHGT
SIM247	iHGT
SIM248	iHGT
SIM249	NoHGT
SIM250	iHGT
SIM251	NoHGT
SIM252	NoHGT
SIM253	iHGT
SIM254	iHGT
SIM255	NoHGT
SIM256	iHGT
SIM257	iHGT
SIM258	NoHGT
SIM259	iHGT
SIM260	iHGT
SIM261	NoHGT
SIM262	iHGT
SIM263	iHGT
SIM264	NoHGT
SIM265	Inconclusive
SIM266	Inconclusive
SIM267	Inconclusive
SIM268	iHGT
SIM269	iHGT
SIM270	NoHGT
SIM271	iHGT
SIM272	NoHGT
SIM273	NoHGT
SIM274	iHGT
SIM275	iHGT
SIM276	iHGT
SIM277	iHGT
SIM278	iHGT
SIM279	NoHGT
SIM280	iHGT
SIM281	NoHGT
SIM282	NoHGT
SIM283	iHGT
SIM284	iHGT
SIM285	NoHGT
SIM286	iHGT
SIM287	iHGT
SIM288	NoHGT
SIM289	iHGT
SIM290	iHGT
SIM291	NoHGT
SIM292	iHGT
SIM293	iHGT
SIM294	NoHGT
SIM295	Inconclusive
SIM296	Inconclusive
SIM297	Inconclusive
SIM298	iHGT
SIM299	iHGT
SIM300	NoHGT
SIM301	iHGT
SIM302	NoHGT
SIM303	NoHGT
SIM304	iHGT
SIM305	iHGT
SIM306	iHGT
SIM307	iHGT
SIM308	iHGT
SIM309	NoHGT
SIM310	iHGT
SIM311	NoHGT
SIM312	NoHGT
SIM313	iHGT
SIM314	iHGT
SIM315	NoHGT
SIM316	iHGT
SIM317	iHGT
SIM318	NoHGT
SIM319	iHGT
SIM320	iHGT
SIM321	NoHGT
SIM322	iHGT
SIM323	iHGT
SIM324	NoHGT
SIM325	Inconclusive
SIM326	Inconclusive
SIM327	Inconclusive
SIM328	iHGT
SIM329	iHGT
SIM330	NoHGT
SIM331	iHGT
SIM332	NoHGT
SIM333	NoHGT
SIM334	iHGT
SIM335	iHGT
SIM336	iHGT
SIM337	iHGT
SIM338	iHGT
SIM339	NoHGT
SIM340	iHGT
SIM341	NoHGT
SIM342	NoHGT
SIM343	iHGT
SIM344	iHGT
SIM345	NoHGT
SIM346	iHGT
SIM347	iHGT
SIM348	NoHGT
SIM349	iHGT
SIM350	iHGT
SIM351	NoHGT
SIM352	iHGT
SIM353	iHGT
SIM354	NoHGT
SIM355	Inconclusive
SIM356	Inconclusive
SIM357	Inconclusive
SIM358	iHGT
SIM359	iHGT
SIM360	NoHGT
SIM361	iHGT
SIM362	NoHGT
SIM363	NoHGT
SIM364	iHGT
SIM365	iHGT
SIM366	iHGT
SIM367	iHGT
SIM368	Inconclusive
SIM369	NoHGT
SIM370	iHGT
SIM371	NoHGT
SIM372	NoHGT
SIM373	iHGT
SIM374	iHGT
SIM375	NoHGT
SIM376	iHGT
SIM377	iHGT
SIM378	NoHGT
SIM379	iHGT
SIM380	iHGT
SIM381	NoHGT
SIM382	iHGT
SIM383	iHGT
SIM384	NoHGT
SIM385	Inconclusive
SIM386	Inconclusive
SIM387	Inconclusive
SIM388	iHGT
SIM389	iHGT
SIM390	NoHGT
SIM391	iHGT
SIM392	NoHGT
SIM393	NoHGT
SIM394	iHGT
SIM395	iHGT
SIM396	iHGT
SIM397	iHGT
SIM398	iHGT
SIM399	NoHGT
SIM400	iHGT
SIM401	NoHGT
SIM402	NoHGT
SIM403	iHGT
SIM404	iHGT
SIM405	NoHGT
SIM406	iHGT
SIM407	iHGT
SIM408	NoHGT
SIM409	iHGT
SIM410	iHGT
SIM411	NoHGT
SIM412	iHGT
SIM413	iHGT
SIM414	NoHGT
SIM415	Inconclusive
SIM416	Inconclusive
SIM417	Inconclusive
SIM418	iHGT
SIM419	iHGT
SIM420	NoHGT
SIM421	iHGT
SIM422	NoHGT
SIM423	NoHGT
SIM424	iHGT
SIM425	iHGT
SIM426	iHGT
SIM427	iHGT
SIM428	iHGT
SIM429	NoHGT
SIM430	iHGT
SIM431	NoHGT
SIM432	NoHGT
SIM433	iHGT
SIM434	iHGT
SIM435	NoHGT
SIM436	iHGT
SIM437	iHGT
SIM438	NoHGT
SIM439	iHGT
SIM440	iHGT
SIM441	NoHGT
SIM442	iHGT
SIM443	iHGT
SIM444	NoHGT
SIM445	Inconclusive
SIM446	Inconclusive
SIM447	Inconclusive
SIM448	iHGT
SIM449	iHGT
SIM450	NoHGT
SIM451	iHGT
SIM452	NoHGT
SIM453	NoHGT
SIM454	iHGT
SIM455	iHGT
SIM456	iHGT
SIM457	iHGT
SIM458	iHGT
SIM459	NoHGT
SIM460	iHGT
SIM461	NoHGT
SIM462	NoHGT
SIM463	iHGT
SIM464	iHGT
SIM465	NoHGT
SIM466	iHGT
SIM467	iHGT
SIM468	NoHGT
SIM469	iHGT
SIM470	iHGT
SIM471	NoHGT
SIM472	iHGT
SIM473	iHGT
SIM474	NoHGT
SIM475	Inconclusive
SIM476	Inconclusive
SIM477	Inconclusive
SIM478	iHGT
SIM479	iHGT
SIM480	NoHGT
SIM481	iHGT
SIM482	NoHGT
SIM483	NoHGT
SIM484	iHGT
SIM485	iHGT
SIM486	iHGT
SIM487	iHGT
SIM488	iHGT
SIM489	NoHGT
SIM490	iHGT
SIM491	NoHGT
SIM492	NoHGT
SIM493	iHGT
SIM494	iHGT
SIM495	NoHGT
SIM496	iHGT
SIM497	iHGT
SIM498	NoHGT
SIM499	iHGT
SIM500	iHGT
SIM501	NoHGT
SIM502	iHGT
SIM503	iHGT
SIM504	NoHGT
SIM505	Inconclusive
SIM506	Inconclusive
SIM507	Inconclusive
SIM508	iHGT
SIM509	iHGT
SIM510	NoHGT
SIM511	iHGT
SIM512	NoHGT
SIM513	NoHGT
SIM514	iHGT
SIM515	iHGT
SIM516	iHGT
SIM517	iHGT
SIM518	iHGT
SIM519	NoHGT
SIM520	iHGT
SIM521	NoHGT
SIM522	NoHGT
SIM523	iHGT
SIM524	iHGT
SIM525	NoHGT
SIM526	iHGT
SIM527	iHGT
SIM528	NoHGT
SIM529	iHGT
SIM530	iHGT
SIM531	NoHGT
SIM532	iHGT
SIM533	iHGT
SIM534	NoHGT
SIM535	Inconclusive
SIM536	Inconclusive
SIM537	Inconclusive
SIM538	iHGT
SIM539	iHGT
SIM540	NoHGT
SIM541	iHGT
SIM542	NoHGT
SIM543	NoHGT
SIM544	iHGT
SIM545	iHGT
SIM546	iHGT
SIM547	iHGT
SIM548	iHGT
SIM549	NoHGT
SIM550	iHGT
SIM551	NoHGT
SIM552	NoHGT
SIM553	iHGT
SIM554	iHGT
SIM555	NoHGT
SIM556	iHGT
SIM557	iHGT
SIM558	NoHGT
SIM559	iHGT
SIM560	iHGT
SIM561	NoHGT
SIM562	iHGT
SIM563	iHGT
SIM564	NoHGT
SIM565	Inconclusive
SIM566	Inconclusive
SIM567	Inconclusive
SIM568	iHGT
SIM569	iHGT
SIM570	NoHGT
SIM571	iHGT
SIM572	NoHGT
SIM573	NoHGT
SIM574	iHGT
SIM575	iHGT
SIM576	iHGT
SIM577	iHGT
SIM578	iHGT
SIM579	NoHGT
SIM580	iHGT
SIM581	NoHGT
SIM582	NoHGT
SIM583	iHGT
SIM584	iHGT
SIM585	NoHGT
SIM586	iHGT
SIM587	iHGT
SIM588	NoHGT
SIM589	iHGT
SIM590	iHGT
SIM591	NoHGT
SIM592	iHGT
SIM593	iHGT
SIM594	NoHGT
SIM595	Inconclusive
SIM596	Inconclusive
SIM597	Inconclusive
SIM598	iHGT
SIM599	iHGT
SIM600	NoHGT
SIM601	Inconclusive
SIM602	iHGT
SIM603	Inconclusive
SIM604	iHGT
SIM605	iHGT
SIM606	Inconclusive
SIM607	iHGT
SIM608	iHGT
SIM609	Inconclusive
SIM610	Inconclusive
SIM611	iHGT
SIM612	iHGT
SIM613	iHGT
SIM614	Inconclusive
SIM615	iHGT
SIM616	Inconclusive
SIM617	iHGT
SIM618	iHGT
SIM619	iHGT
SIM620	iHGT
SIM621	iHGT
SIM622	iHGT
SIM623	Inconclusive
SIM624	iHGT
SIM625	iHGT
SIM626	Inconclusive
SIM627	iHGT
SIM628	Inconclusive
SIM629	iHGT
SIM630	iHGT
SIM631	iHGT
SIM632	Inconclusive
SIM633	iHGT
SIM634	iHGT
SIM635	iHGT
SIM636	iHGT
SIM637	Inconclusive
SIM638	Inconclusive
SIM639	Inconclusive
SIM640	iHGT
SIM641	iHGT
SIM642	iHGT
SIM643	iHGT
SIM644	Inconclusive
SIM645	iHGT
SIM646	iHGT
SIM647	iHGT
SIM648	iHGT
SIM649	iHGT
SIM650	Inconclusive
SIM651	Inconclusive
SIM652	iHGT
SIM653	Inconclusive
SIM654	Inconclusive
SIM655	iHGT
SIM656	iHGT
SIM657	Inconclusive
SIM658	Inconclusive
SIM659	iHGT
SIM660	Inconclusive
SIM661	iHGT
SIM662	Inconclusive
SIM663	Inconclusive
SIM664	Inconclusive
SIM665	iHGT
SIM666	Inconclusive
SIM667	iHGT
SIM668	iHGT
SIM669	Inconclusive
SIM670	iHGT
SIM671	iHGT
SIM672	iHGT
SIM673	Inconclusive
SIM674	Inconclusive
SIM675	Inconclusive
SIM676	iHGT
SIM677	iHGT
SIM678	Inconclusive
SIM679	iHGT
SIM680	iHGT
SIM681	Inconclusive
SIM682	iHGT
SIM683	iHGT
SIM684	iHGT
SIM685	Inconclusive
SIM686	iHGT
SIM687	iHGT
SIM688	iHGT
SIM689	iHGT
SIM690	iHGT
SIM691	Inconclusive
SIM692	iHGT
SIM693	iHGT
SIM694	iHGT
SIM695	iHGT
SIM696	Inconclusive
SIM697	Inconclusive
SIM698	iHGT
SIM699	iHGT
SIM700	Inconclusive
SIM701	iHGT
SIM702	iHGT
SIM703	iHGT
SIM704	iHGT
SIM705	Inconclusive
SIM706	Inconclusive
SIM707	Inconclusive
SIM708	iHGT
SIM709	iHGT
SIM710	iHGT
SIM711	iHGT
SIM712	Inconclusive
SIM713	iHGT
SIM714	Inconclusive
SIM715	iHGT
SIM716	iHGT
SIM717	iHGT
SIM718	iHGT
SIM719	iHGT
SIM720	iHGT
SIM721	iHGT
SIM722	iHGT
SIM723	iHGT
SIM724	iHGT
SIM725	Inconclusive
SIM726	iHGT
SIM727	Inconclusive
SIM728	Inconclusive
SIM729	iHGT
SIM730	iHGT
SIM731	Inconclusive
SIM732	Inconclusive
SIM733	Inconclusive
SIM734	Inconclusive
SIM735	Inconclusive
SIM736	iHGT
SIM737	iHGT
SIM738	iHGT
SIM739	iHGT
SIM740	Inconclusive
SIM741	iHGT
SIM742	Inconclusive
SIM743	Inconclusive
SIM744	iHGT
SIM745	iHGT
SIM746	iHGT
SIM747	Inconclusive
SIM748	iHGT
SIM749	iHGT
SIM750	iHGT
SIM751	Inconclusive
SIM752	iHGT
SIM753	Inconclusive
SIM754	iHGT
SIM755	iHGT
SIM756	iHGT
SIM757	Inconclusive
SIM758	Inconclusive
SIM759	Inconclusive
SIM760	Inconclusive
SIM761	iHGT
SIM762	iHGT
SIM763	Inconclusive
SIM764	Inconclusive
SIM765	Inconclusive
SIM766	iHGT
SIM767	iHGT
SIM768	iHGT
SIM769	iHGT
SIM770	Inconclusive
SIM771	iHGT
SIM772	iHGT
SIM773	iHGT
SIM774	iHGT
SIM775	iHGT
SIM776	iHGT
SIM777	iHGT
SIM778	Inconclusive
SIM779	Inconclusive
SIM780	iHGT
SIM781	Inconclusive
SIM782	Inconclusive
SIM783	Inconclusive
SIM784	iHGT
SIM785	iHGT
SIM786	Inconclusive
SIM787	iHGT
SIM788	iHGT
SIM789	iHGT
SIM790	iHGT
SIM791	iHGT
SIM792	iHGT
SIM793	iHGT
SIM794	iHGT
SIM795	iHGT
SIM796	iHGT
SIM797	iHGT
SIM798	iHGT
SIM799	Inconclusive
SIM800	iHGT
SIM801	Inconclusive
SIM802	Inconclusive
SIM803	Inconclusive
SIM804	Inconclusive
SIM805	Inconclusive
SIM806	Inconclusive
SIM807	Inconclusive
SIM808	Inconclusive
SIM809	Inconclusive
SIM810	Inconclusive
SIM811	Inconclusive
SIM812	Inconclusive
SIM813	Inconclusive
SIM814	Inconclusive
SIM815	Inconclusive
SIM816	Inconclusive
SIM817	Inconclusive
SIM818	Inconclusive
SIM819	Inconclusive
SIM820	Inconclusive
SIM821	Inconclusive
SIM822	Inconclusive
SIM823	Inconclusive
SIM824	Inconclusive
SIM825	Inconclusive
SIM826	Inconclusive
SIM827	Inconclusive
SIM828	Inconclusive
SIM829	Inconclusive
SIM830	Inconclusive
SIM831	Inconclusive
SIM832	Inconclusive
SIM833	Inconclusive
SIM834	Inconclusive
SIM835	Inconclusive
SIM836	Inconclusive
SIM837	Inconclusive
SIM838	Inconclusive
SIM839	Inconclusive
SIM840	Inconclusive
SIM841	Inconclusive
SIM842	Inconclusive
SIM843	Inconclusive
SIM844	Inconclusive
SIM845	Inconclusive
SIM846	Inconclusive
SIM847	Inconclusive
SIM848	Inconclusive
SIM849	Inconclusive
SIM850	Inconclusive
SIM851	Inconclusive
SIM852	Inconclusive
SIM853	Inconclusive
SIM854	Inconclusive
SIM855	Inconclusive
SIM856	Inconclusive
SIM857	Inconclusive
SIM858	Inconclusive
SIM859	Inconclusive
SIM860	Inconclusive
SIM861	Inconclusive
SIM862	Inconclusive
SIM863	Inconclusive
SIM864	Inconclusive
SIM865	Inconclusive
SIM866	Inconclusive
SIM867	Inconclusive
SIM868	Inconclusive
SIM869	Inconclusive
SIM870	Inconclusive
SIM871	Inconclusive
SIM872	Inconclusive
SIM873	Inconclusive
SIM874	Inconclusive
SIM875	Inconclusive
SIM876	Inconclusive
SIM877	Inconclusive
SIM878	Inconclusive
SIM879	Inconclusive
SIM880	Inconclusive
SIM881	Inconclusive
SIM882	Inconclusive
SIM883	Inconclusive
SIM884	Inconclusive
SIM885	Inconclusive
SIM886	Inconclusive
SIM887	Inconclusive
SIM888	Inconclusive
SIM889	Inconclusive
SIM890	Inconclusive
SIM891	Inconclusive
SIM892	Inconclusive
SIM893	Inconclusive
SIM894	Inconclusive
SIM895	Inconclusive
SIM896	Inconclusive
SIM897	Inconclusive
SIM898	Inconclusive
SIM899	Inconclusive
SIM900	Inconclusive
SIM901	Inconclusive
SIM902	Inconclusive
SIM903	Inconclusive
SIM904	Inconclusive
SIM905	Inconclusive
SIM906	Inconclusive
SIM907	Inconclusive
SIM908	Inconclusive
SIM909	Inconclusive
SIM910	Inconclusive
SIM911	Inconclusive
SIM912	Inconclusive
SIM913	Inconclusive
SIM914	Inconclusive
SIM915	Inconclusive
SIM916	Inconclusive
SIM917	Inconclusive
SIM918	Inconclusive
SIM919	Inconclusive
SIM920	Inconclusive
SIM921	Inconclusive
SIM922	Inconclusive
SIM923	Inconclusive
SIM924	Inconclusive
SIM925	Inconclusive
SIM926	Inconclusive
SIM927	Inconclusive
SIM928	Inconclusive
SIM929	Inconclusive
SIM930	Inconclusive
SIM931	Inconclusive
SIM932	Inconclusive
SIM933	Inconclusive
SIM934	Inconclusive
SIM935	Inconclusive
SIM936	Inconclusive
SIM937	Inconclusive
SIM938	Inconclusive
SIM939	Inconclusive
SIM940	Inconclusive
SIM941	Inconclusive
SIM942	Inconclusive
SIM943	Inconclusive
SIM944	Inconclusive
SIM945	Inconclusive
SIM946	Inconclusive
SIM947	Inconclusive
SIM948	Inconclusive
SIM949	Inconclusive
SIM950	Inconclusive
SIM951	Inconclusive
SIM952	Inconclusive
SIM953	Inconclusive
SIM954	Inconclusive
SIM955	Inconclusive
SIM956	Inconclusive
SIM957	Inconclusive
SIM958	Inconclusive
SIM959	Inconclusive
SIM960	Inconclusive
SIM961	Inconclusive
SIM962	Inconclusive
SIM963	Inconclusive
SIM964	Inconclusive
SIM965	Inconclusive
SIM966	Inconclusive
SIM967	Inconclusive
SIM968	Inconclusive
SIM969	Inconclusive
SIM970	Inconclusive
SIM971	Inconclusive
SIM972	Inconclusive
SIM973	Inconclusive
SIM974	Inconclusive
SIM975	Inconclusive
SIM976	Inconclusive
SIM977	Inconclusive
SIM978	Inconclusive
SIM979	Inconclusive
SIM980	Inconclusive
SIM981	Inconclusive
SIM982	Inconclusive
SIM983	Inconclusive
SIM984	Inconclusive
SIM985	Inconclusive
SIM986	Inconclusive
SIM987	Inconclusive
SIM988	Inconclusive
SIM989	Inconclusive
SIM990	Inconclusive
SIM991	Inconclusive
SIM992	Inconclusive
SIM993	Inconclusive
SIM994	Inconclusive
SIM995	Inconclusive
SIM996	Inconclusive
SIM997	Inconclusive
SIM998	Inconclusive
SIM999	Inconclusive
SIM1000	Inconclusive
